
{
   "allowSleep" : true,
   "autoClearForces" : true,
   "body" : 
   [
      
      {
         "angle" : 0,
         "angularVelocity" : 0,
         "awake" : true,
         "customProperties" : 
         [
            
            {
               "name" : "nick",
               "string" : "batman"
            }
         ],
         "fixture" : 
         [
            
            {
               "customProperties" : 
               [
                  
                  {
                     "int" : 50,
                     "name" : "int"
                  }
               ],
               "density" : 1,
               "friction" : 0.2000000029802322,
               "name" : "fixture1",
               "polygon" : 
               {
                  "vertices" : 
                  {
                     "x" : [ 1.50, 0.6036767959594727, 0.5428857803344727, 0.7594118118286133 ],
                     "y" : [ -1.50, 2.293928146362305, -0.5055580139160156, -1.50 ]
                  }
               }
            },
            
            {
               "customProperties" : 
               [
                  
                  {
                     "int" : 50,
                     "name" : "int"
                  }
               ],
               "density" : 1,
               "friction" : 0.2000000029802322,
               "name" : "fixture1",
               "polygon" : 
               {
                  "vertices" : 
                  {
                     "x" : 
                     [
                        0.6036767959594727,
                        -0.6036767959594727,
                        -0.4856147766113281,
                        0.5428857803344727
                     ],
                     "y" : 
                     [
                        2.293928146362305,
                        2.293928146362305,
                        -0.5055580139160156,
                        -0.5055580139160156
                     ]
                  }
               }
            },
            
            {
               "customProperties" : 
               [
                  
                  {
                     "int" : 50,
                     "name" : "int"
                  }
               ],
               "density" : 1,
               "friction" : 0.2000000029802322,
               "name" : "fixture1",
               "polygon" : 
               {
                  "vertices" : 
                  {
                     "x" : [ -0.4856147766113281, -0.6036767959594727, -1.50, -0.6480083465576172 ],
                     "y" : [ -0.5055580139160156, 2.293928146362305, -1.50, -1.50 ]
                  }
               }
            }
         ],
         "linearVelocity" : 0,
         "massData-I" : 11.06558895111084,
         "massData-center" : 
         {
            "x" : -0.007669743150472641,
            "y" : 0.3343821465969086
         },
         "massData-mass" : 6.770007610321045,
         "name" : "body1",
         "position" : 
         {
            "x" : 3.676892995834351,
            "y" : 5.056585311889648
         },
         "type" : 2
      }
   ],
   "continuousPhysics" : true,
   "customProperties" : 
   [
      
      {
         "int" : 4,
         "name" : "int"
      },
      
      {
         "float" : 0.2000000029802322,
         "name" : "float"
      },
      
      {
         "name" : "string",
         "string" : "toto"
      },
      
      {
         "bool" : true,
         "name" : "isCustom"
      },
      
      {
         "name" : "vec2",
         "vec2" : 
         {
            "x" : 1,
            "y" : 1
         }
      }
   ],
   "gravity" : 
   {
      "x" : 0,
      "y" : -10.0
   },
   "positionIterations" : 3,
   "stepsPerSecond" : 60.0,
   "subStepping" : false,
   "velocityIterations" : 8,
   "warmStarting" : true
}
